{
  "name": "combined_zinc",
  "MAX_LEN": 320,
  "data_file": "combined_dataframe.csv",
  "char_file": "combined_zinc.json",
  "encoder_weights_file": "zinc_encoder.h5",
  "decoder_weights_file": "zinc_decoder.h5",
  "test_idx_file": "test_idx.npy",
  "history_file": "history.csv",
  "checkpoint_path": "./",
  "do_prop_pred": false,
  "TRAIN_MODEL": true,
  "ENC_DEC_TEST": false,
  "PADDING": "right",
  "RAND_SEED": 42,
  "epochs": 70,
  "vae_annealer_start": 29,
  "dropout_rate_mid": 0.082832929704794792,
  "anneal_sigmod_slope": 0.51066543057913916,
  "recurrent_dim": 488,
  "batch_size": 126,
  "lr": 0.00039192162392520126,
  "hidden_dim": 196,
  "tgru_dropout": 0.19617749608323892,
  "hg_growth_factor": 1.2281884874932403,
  "middle_layer": 1,
  "momentum": 0.97170900638688007
}